{
    "step": 3,
    "training_loss": 0.9981630172048296,
    "validation_lss": 0.9924088341849191,
    "learning_rate": 1e-05
}