{
    "step": 29,
    "training_loss": 0.35457607020031323,
    "validation_loss": 1.0291747897863388,
    "learning_rate": 0.0001
}