{
    "step": 17,
    "learning_rate": 0.0001,
    "training_loss": 0.18767397720366716,
    "validation_loss": 0.20539126896633292
}