{
    "step": 49,
    "training_loss": 7.963453610738118,
    "validation_loss": 12.922068119049072,
    "learning_rate": 1e-05
}