{
    "step": 49,
    "training_loss": 91.36718845367432,
    "validation_loss": 89.80181466379473,
    "learning_rate": 1e-05
}