{
    "step": 49,
    "learning_rate": 1e-05,
    "training_loss": 0.37285288742610384,
    "validation_loss": 5.5794869263966875
}