{
    "step": 17,
    "learning_rate": 0.0001,
    "training_loss": 0.15913608111441135,
    "validation_loss": 0.18394461189800837
}