{
    "step": 49,
    "training_loss": 61.18049965835199,
    "validation_loss": 57.285796377393936,
    "learning_rate": 1e-05
}